{"stats":{"minecraft:custom":{"minecraft:time_since_rest":14656,"minecraft:damage_taken":2252,"minecraft:interact_with_furnace":1,"minecraft:sprint_one_cm":88938,"minecraft:damage_absorbed":640,"minecraft:walk_one_cm":128962,"minecraft:mob_kills":2,"minecraft:damage_dealt":728,"minecraft:interact_with_crafting_table":6,"minecraft:fly_one_cm":147775,"minecraft:player_kills":1,"minecraft:play_time":55819,"minecraft:crouch_one_cm":254,"tombstone:undead_killed":2,"minecraft:deaths":3,"minecraft:sneak_time":58,"minecraft:walk_under_water_one_cm":247,"minecraft:jump":1091,"minecraft:leave_game":3,"minecraft:time_since_death":15263,"minecraft:walk_on_water_one_cm":543,"minecraft:total_world_time":55819,"minecraft:damage_resisted":213,"minecraft:fall_one_cm":42918},"minecraft:mined":{"minecraft:birch_log":14,"minecraft:lilac":3,"minecraft:birch_leaves":3,"minecraft:dandelion":14,"minecraft:cornflower":11,"minecraft:grass":20,"minecraft:grass_block":6,"minecraft:oak_log":3,"minecraft:coal_ore":3,"minecraft:dirt":2,"minecraft:tall_grass":6,"minecraft:stone":28,"minecraft:oak_leaves":14},"minecraft:picked_up":{"minecraft:birch_log":16,"chococraft:flame_chocobo_spawn_egg":1,"minecraft:lilac":5,"minecraft:suspicious_stew":1,"minecraft:dandelion":10,"minecraft:oak_log":2,"minecraft:grass_block":1,"minecraft:cornflower":10,"minecraft:dirt":9,"chococraft:chocobo_feather":3,"minecraft:arrow":2,"minecraft:wheat_seeds":2,"chococraft:chocobo_drumstick_raw":1,"minecraft:enchanted_golden_apple":72,"minecraft:oak_sapling":1,"minecraft:melon_slice":64,"minecraft:coal":3,"minecraft:cobblestone":28},"minecraft:killed_by":{"minecraft:player":1},"minecraft:used":{"minecraft:cornflower":7,"minecraft:birch_planks":20,"minecraft:melon_slice":12,"minecraft:stone_pickaxe":10,"minecraft:wooden_pickaxe":21,"minecraft:dirt":6,"minecraft:crafting_table":2,"minecraft:furnace":1,"tombstone:gift":2,"minecraft:dandelion":2,"minecraft:enchanted_golden_apple":6},"minecraft:crafted":{"minecraft:crafting_table":2,"minecraft:stick":16,"minecraft:wooden_pickaxe":1,"minecraft:stone_pickaxe":1,"minecraft:stone_sword":1,"minecraft:furnace":1,"minecraft:birch_planks":64,"minecraft:stone_axe":1},"minecraft:killed":{"minecraft:skeleton":1,"minecraft:zombie":1}},"DataVersion":3465}