{"stats":{"minecraft:custom":{"minecraft:time_since_rest":6757,"minecraft:crouch_one_cm":132,"minecraft:deaths":1,"minecraft:play_time":16854,"minecraft:sprint_one_cm":9333,"minecraft:damage_taken":785,"minecraft:walk_one_cm":47433,"minecraft:sneak_time":26,"minecraft:jump":192,"minecraft:damage_dealt":110,"minecraft:time_since_death":6946,"minecraft:total_world_time":16854,"minecraft:interact_with_crafting_table":2,"minecraft:fall_one_cm":6228,"minecraft:fly_one_cm":8010},"minecraft:mined":{"minecraft:oak_log":1,"minecraft:grass_block":4,"minecraft:dirt":1,"minecraft:birch_log":14,"minecraft:lilac":1,"minecraft:birch_leaves":2},"minecraft:picked_up":{"minecraft:birch_log":16,"chococraft:chocobo_feather":2,"minecraft:lilac":3,"chococraft:chocobo_drumstick_raw":1,"minecraft:melon_slice":64,"minecraft:dirt":7},"minecraft:killed_by":{"minecraft:player":1},"minecraft:used":{"minecraft:dirt":6,"minecraft:crafting_table":2,"minecraft:birch_planks":20,"minecraft:melon_slice":6,"tombstone:gift":2},"minecraft:crafted":{"minecraft:birch_planks":64,"minecraft:crafting_table":2}},"DataVersion":3465}