{"stats":{"minecraft:custom":{"minecraft:time_since_rest":17340,"minecraft:interact_with_furnace":1,"minecraft:sprint_one_cm":34978,"minecraft:damage_taken":1736,"minecraft:walk_one_cm":97577,"minecraft:damage_dealt":252,"minecraft:player_kills":1,"minecraft:interact_with_crafting_table":6,"minecraft:fly_one_cm":38446,"minecraft:crouch_one_cm":254,"minecraft:play_time":40475,"minecraft:deaths":2,"minecraft:sneak_time":44,"minecraft:walk_under_water_one_cm":247,"minecraft:jump":504,"minecraft:leave_game":1,"minecraft:walk_on_water_one_cm":449,"minecraft:time_since_death":18741,"minecraft:damage_resisted":4,"minecraft:total_world_time":40475,"minecraft:fall_one_cm":16804},"minecraft:mined":{"minecraft:birch_log":14,"minecraft:lilac":3,"minecraft:birch_leaves":2,"minecraft:dandelion":6,"minecraft:cornflower":5,"minecraft:grass":13,"minecraft:oak_log":3,"minecraft:grass_block":4,"minecraft:coal_ore":3,"minecraft:dirt":1,"minecraft:stone":28,"minecraft:oak_leaves":14},"minecraft:picked_up":{"minecraft:birch_log":16,"chococraft:flame_chocobo_spawn_egg":1,"minecraft:lilac":5,"minecraft:suspicious_stew":1,"minecraft:dandelion":2,"minecraft:oak_log":2,"minecraft:grass_block":1,"minecraft:cornflower":4,"minecraft:dirt":7,"chococraft:chocobo_feather":3,"minecraft:oak_sapling":1,"chococraft:chocobo_drumstick_raw":1,"minecraft:enchanted_golden_apple":65,"minecraft:melon_slice":64,"minecraft:coal":3,"minecraft:cobblestone":28},"minecraft:killed_by":{"minecraft:player":1},"minecraft:used":{"minecraft:cornflower":4,"minecraft:birch_planks":20,"minecraft:melon_slice":12,"minecraft:stone_pickaxe":10,"minecraft:wooden_pickaxe":21,"minecraft:dirt":6,"minecraft:crafting_table":2,"minecraft:furnace":1,"tombstone:gift":2,"minecraft:dandelion":2,"minecraft:enchanted_golden_apple":1},"minecraft:crafted":{"minecraft:crafting_table":2,"minecraft:stick":16,"minecraft:wooden_pickaxe":1,"minecraft:stone_pickaxe":1,"minecraft:stone_sword":1,"minecraft:furnace":1,"minecraft:birch_planks":64,"minecraft:stone_axe":1}},"DataVersion":3465}