{"stats":{"minecraft:crafted":{"minecraft:birch_planks":12,"minecraft:crafting_table":1,"minecraft:stick":4,"minecraft:wooden_axe":1},"minecraft:mined":{"minecraft:grass":1,"minecraft:grass_block":1,"minecraft:birch_log":21},"minecraft:dropped":{"minecraft:birch_planks":3},"minecraft:custom":{"minecraft:time_since_rest":1581,"minecraft:play_time":6038,"minecraft:sprint_one_cm":2287,"minecraft:damage_taken":383,"minecraft:deaths":1,"minecraft:walk_one_cm":29740,"minecraft:sneak_time":1,"minecraft:drop":1,"minecraft:jump":92,"minecraft:damage_dealt":160,"minecraft:leave_game":3,"minecraft:time_since_death":1954,"minecraft:total_world_time":6038,"minecraft:interact_with_crafting_table":3,"minecraft:fall_one_cm":1717,"minecraft:fly_one_cm":6502,"minecraft:player_kills":1},"minecraft:used":{"minecraft:wooden_axe":29,"minecraft:dirt":1,"minecraft:crafting_table":1},"minecraft:killed_by":{"minecraft:player":1},"minecraft:picked_up":{"minecraft:birch_log":14,"minecraft:stick":3,"minecraft:birch_sapling":3,"minecraft:dirt":1}},"DataVersion":3465}