{"stats":{"minecraft:custom":{"minecraft:time_since_rest":22625,"minecraft:sprint_one_cm":5151,"minecraft:damage_taken":801,"minecraft:walk_one_cm":118543,"minecraft:mob_kills":3,"minecraft:drop":3,"minecraft:damage_dealt":915,"minecraft:player_kills":2,"minecraft:interact_with_crafting_table":3,"minecraft:fly_one_cm":27948,"minecraft:crouch_one_cm":119,"minecraft:play_time":35444,"tombstone:undead_killed":1,"minecraft:deaths":2,"minecraft:sneak_time":128,"minecraft:jump":238,"minecraft:leave_game":4,"minecraft:time_since_death":22879,"minecraft:total_world_time":35444,"minecraft:fall_one_cm":2556},"minecraft:mined":{"minecraft:birch_log":27,"minecraft:lilac":2,"minecraft:birch_leaves":3,"minecraft:grass":1,"minecraft:grass_block":2},"minecraft:picked_up":{"minecraft:birch_log":31,"minecraft:stick":6,"minecraft:lilac":4,"minecraft:porkchop":2,"minecraft:dirt":2,"securitycraft:bucket_f_lava":1,"minecraft:birch_sapling":4},"minecraft:dropped":{"minecraft:birch_planks":3,"securitycraft:bucket_f_lava":2},"minecraft:killed_by":{"minecraft:player":2},"minecraft:broken":{"minecraft:wooden_axe":1},"minecraft:used":{"minecraft:netherite_sword":2,"minecraft:wooden_axe":48,"minecraft:birch_planks":2,"minecraft:birch_sapling":4,"securitycraft:bucket_f_lava":1,"securitycraft:bucket_f_water":2,"immersive_aircraft:warship":1,"minecraft:lilac":4,"immersive_aircraft:cargo_airship":1,"minecraft:dirt":2,"minecraft:crafting_table":1,"minecraft:porkchop":2},"minecraft:crafted":{"minecraft:crafting_table":1,"minecraft:stick":4,"minecraft:wooden_axe":1,"minecraft:birch_planks":124},"minecraft:killed":{"minecraft:zombie":1,"minecraft:pig":1,"minecraft:creeper":1}},"DataVersion":3465}