{"stats":{"minecraft:custom":{"minecraft:time_since_rest":6987,"minecraft:crouch_one_cm":78,"minecraft:play_time":11444,"minecraft:sprint_one_cm":3162,"minecraft:damage_taken":543,"minecraft:walk_one_cm":58324,"minecraft:deaths":1,"minecraft:sneak_time":6,"minecraft:mob_kills":1,"minecraft:drop":1,"minecraft:jump":122,"minecraft:damage_dealt":566,"minecraft:leave_game":4,"minecraft:time_since_death":7360,"minecraft:total_world_time":11444,"minecraft:interact_with_crafting_table":3,"minecraft:fall_one_cm":1926,"minecraft:fly_one_cm":8022,"minecraft:player_kills":1},"minecraft:mined":{"minecraft:grass":1,"minecraft:grass_block":1,"minecraft:birch_log":21,"minecraft:lilac":1},"minecraft:picked_up":{"minecraft:birch_log":21,"minecraft:lilac":1,"minecraft:stick":3,"minecraft:porkchop":2,"minecraft:birch_sapling":3,"minecraft:dirt":1},"minecraft:dropped":{"minecraft:birch_planks":3},"minecraft:killed_by":{"minecraft:player":1},"minecraft:used":{"minecraft:wooden_axe":42,"minecraft:dirt":1,"minecraft:crafting_table":1,"minecraft:porkchop":2},"minecraft:crafted":{"minecraft:birch_planks":12,"minecraft:crafting_table":1,"minecraft:stick":4,"minecraft:wooden_axe":1},"minecraft:killed":{"minecraft:pig":1}},"DataVersion":3465}