{"stats":{"minecraft:custom":{"minecraft:time_since_rest":6328,"minecraft:sprint_one_cm":11817,"minecraft:damage_taken":652,"minecraft:walk_one_cm":71601,"minecraft:mob_kills":2,"minecraft:drop":29,"minecraft:damage_dealt":1051,"minecraft:interact_with_crafting_table":2,"minecraft:player_kills":2,"minecraft:fly_one_cm":20642,"minecraft:crouch_one_cm":219,"minecraft:play_time":22587,"tombstone:undead_killed":1,"minecraft:deaths":2,"minecraft:sneak_time":128,"minecraft:jump":207,"minecraft:leave_game":1,"minecraft:time_since_death":6936,"minecraft:total_world_time":22587,"minecraft:fall_one_cm":4658},"minecraft:mined":{"minecraft:birch_sapling":2,"minecraft:birch_planks":1,"minecraft:birch_log":28,"minecraft:lilac":19,"minecraft:birch_leaves":7,"minecraft:grass":7,"minecraft:grass_block":20,"minecraft:dirt":1},"minecraft:picked_up":{"minecraft:birch_log":22,"minecraft:stick":1,"minecraft:lilac":16,"minecraft:birch_planks":4,"minecraft:dirt":19,"minecraft:rotten_flesh":2,"minecraft:wheat_seeds":2,"iceandfire:myrmex_desert_chitin":4,"iceandfire:myrmex_desert_resin":4,"minecraft:birch_sapling":5},"minecraft:dropped":{"minecraft:melon_slice":64,"minecraft:enchanted_golden_apple":64,"chococraft:flame_chocobo_spawn_egg":1,"minecraft:suspicious_stew":1},"minecraft:killed_by":{"minecraft:player":1},"minecraft:broken":{"minecraft:wooden_axe":1},"minecraft:used":{"advancednetherite:netherite_diamond_sword":8,"minecraft:wooden_axe":49,"minecraft:birch_planks":2,"minecraft:birch_sapling":5,"minecraft:lilac":16,"minecraft:rotten_flesh":1,"iceandfire:spawn_egg_myrmex_sentinel":1,"minecraft:dirt":9,"chococraft:flame_chocobo_spawn_egg":2},"minecraft:crafted":{"minecraft:stick":4,"minecraft:wooden_axe":1,"minecraft:birch_planks":8},"minecraft:killed":{"minecraft:zombie":1,"iceandfire:myrmex_sentinel":1}},"DataVersion":3465}