{"stats":{"minecraft:custom":{"minecraft:time_since_rest":18328,"minecraft:sprint_one_cm":16696,"minecraft:damage_taken":652,"minecraft:walk_one_cm":89485,"minecraft:mob_kills":2,"minecraft:drop":30,"minecraft:damage_dealt":1051,"minecraft:interact_with_crafting_table":2,"minecraft:player_kills":2,"minecraft:fly_one_cm":112040,"minecraft:open_chest":1,"minecraft:crouch_one_cm":410,"minecraft:play_time":34587,"tombstone:undead_killed":1,"minecraft:deaths":2,"minecraft:sneak_time":616,"minecraft:jump":286,"minecraft:leave_game":1,"minecraft:walk_on_water_one_cm":48,"minecraft:time_since_death":18936,"minecraft:total_world_time":34587,"minecraft:fall_one_cm":4658},"minecraft:mined":{"minecraft:birch_sapling":2,"minecraft:birch_planks":1,"minecraft:birch_log":28,"minecraft:lilac":19,"minecraft:birch_leaves":7,"minecraft:grass":7,"minecraft:grass_block":20,"minecraft:dirt":1},"minecraft:picked_up":{"minecraft:birch_log":22,"minecraft:stick":1,"minecraft:lilac":16,"minecraft:birch_planks":4,"minecraft:cornflower":1,"minecraft:dirt":19,"minecraft:rotten_flesh":2,"minecraft:wheat_seeds":3,"securitycraft:bucket_f_lava":1,"iceandfire:myrmex_desert_chitin":4,"iceandfire:myrmex_desert_resin":4,"minecraft:birch_sapling":5},"minecraft:dropped":{"minecraft:cornflower":1,"minecraft:melon_slice":64,"minecraft:enchanted_golden_apple":64,"chococraft:flame_chocobo_spawn_egg":1,"minecraft:suspicious_stew":1},"minecraft:killed_by":{"minecraft:player":1},"minecraft:broken":{"minecraft:wooden_axe":1},"minecraft:used":{"advancednetherite:netherite_diamond_sword":8,"minecraft:wooden_axe":49,"minecraft:cornflower":2,"minecraft:birch_planks":2,"minecraft:grass_block":27,"minecraft:birch_sapling":5,"iceandfire:deathworm_red_leggings":1,"securitycraft:bucket_f_lava":2,"minecraft:stone":1,"iceandfire:deathworm_red_chestplate":1,"minecraft:gravel":3,"iceandfire:deathworm_red_helmet":1,"minecraft:lilac":16,"minecraft:rotten_flesh":1,"iceandfire:spawn_egg_myrmex_sentinel":1,"minecraft:dirt":13,"iceandfire:deathworm_red_boots":1,"minecraft:cobblestone":1,"chococraft:flame_chocobo_spawn_egg":2},"minecraft:crafted":{"minecraft:stick":4,"minecraft:wooden_axe":1,"minecraft:birch_planks":8},"minecraft:killed":{"minecraft:zombie":1,"iceandfire:myrmex_sentinel":1}},"DataVersion":3465}