{"stats":{"minecraft:custom":{"minecraft:time_since_rest":7358,"tombstone:undead_killed":1,"minecraft:sprint_one_cm":6855,"minecraft:play_time":10587,"minecraft:damage_taken":490,"minecraft:deaths":1,"minecraft:walk_one_cm":42912,"minecraft:mob_kills":1,"minecraft:jump":111,"minecraft:damage_dealt":386,"minecraft:leave_game":1,"minecraft:time_since_death":7841,"minecraft:total_world_time":10587,"minecraft:interact_with_crafting_table":2,"minecraft:fall_one_cm":2393,"minecraft:fly_one_cm":3332,"minecraft:player_kills":1},"minecraft:mined":{"minecraft:birch_sapling":2,"minecraft:grass":6,"minecraft:grass_block":19,"minecraft:birch_log":15,"minecraft:lilac":17},"minecraft:picked_up":{"minecraft:birch_log":14,"minecraft:lilac":16,"minecraft:stick":1,"minecraft:rotten_flesh":2,"minecraft:wheat_seeds":1,"minecraft:birch_planks":3,"minecraft:birch_sapling":4,"minecraft:dirt":18},"minecraft:killed_by":{"minecraft:player":1},"minecraft:used":{"minecraft:wooden_axe":28,"minecraft:birch_sapling":2,"minecraft:lilac":16},"minecraft:crafted":{"minecraft:birch_planks":8,"minecraft:stick":4,"minecraft:wooden_axe":1},"minecraft:killed":{"minecraft:zombie":1}},"DataVersion":3465}