{"stats":{"minecraft:crafted":{"minecraft:birch_planks":8,"minecraft:stick":4,"minecraft:wooden_axe":1},"minecraft:mined":{"minecraft:birch_sapling":2,"minecraft:grass":4,"minecraft:birch_log":15},"minecraft:custom":{"minecraft:time_since_rest":1815,"minecraft:play_time":5044,"minecraft:sprint_one_cm":1280,"minecraft:deaths":1,"minecraft:damage_taken":400,"minecraft:walk_one_cm":21215,"minecraft:jump":65,"minecraft:damage_dealt":230,"minecraft:leave_game":1,"minecraft:time_since_death":2298,"minecraft:total_world_time":5044,"minecraft:interact_with_crafting_table":2,"minecraft:fall_one_cm":1915,"minecraft:fly_one_cm":2408,"minecraft:player_kills":1},"minecraft:picked_up":{"minecraft:birch_log":14,"minecraft:stick":1,"minecraft:wheat_seeds":1,"minecraft:birch_planks":3,"minecraft:birch_sapling":4},"minecraft:killed_by":{"minecraft:player":1},"minecraft:used":{"minecraft:wooden_axe":21,"minecraft:birch_sapling":2}},"DataVersion":3465}