{"stats":{"minecraft:custom":{"minecraft:jump":81,"minecraft:time_since_rest":972,"minecraft:crouch_one_cm":109,"minecraft:deaths":1,"minecraft:sprint_one_cm":10839,"minecraft:play_time":3349,"minecraft:damage_taken":512,"minecraft:time_since_death":2261,"minecraft:walk_one_cm":6353,"minecraft:sneak_time":82,"minecraft:total_world_time":3349,"minecraft:fall_one_cm":267,"minecraft:fly_one_cm":5427},"minecraft:mined":{"minecraft:birch_log":3},"minecraft:picked_up":{"minecraft:birch_log":2},"minecraft:killed_by":{"minecraft:player":1},"minecraft:used":{"tombstone:gift":1},"minecraft:crafted":{"minecraft:crafting_table":1,"minecraft:birch_planks":8}},"DataVersion":3465}