{"stats":{"minecraft:custom":{"minecraft:time_since_rest":1,"minecraft:crouch_one_cm":399,"minecraft:play_time":19446,"minecraft:sprint_one_cm":22197,"minecraft:walk_one_cm":30583,"minecraft:damage_taken":3300,"minecraft:deaths":2,"minecraft:sneak_time":167,"minecraft:walk_under_water_one_cm":1139,"minecraft:leave_game":1,"minecraft:walk_on_water_one_cm":567,"minecraft:jump":474,"minecraft:time_since_death":102,"minecraft:total_world_time":19446,"minecraft:interact_with_crafting_table":1,"minecraft:fall_one_cm":28483,"minecraft:fly_one_cm":13649},"minecraft:mined":{"minecraft:grass_block":2,"minecraft:dirt":6,"minecraft:birch_log":4,"minecraft:snow_block":35,"minecraft:snow":11,"minecraft:spruce_leaves":1},"minecraft:picked_up":{"minecraft:birch_log":3,"iceandfire:rotten_egg":1,"minecraft:snowball":147,"minecraft:dirt":9,"minecraft:egg":1},"minecraft:killed_by":{"minecraft:player":1},"minecraft:used":{"minecraft:water_bucket":4,"minecraft:dirt":9,"minecraft:crafting_table":1,"minecraft:birch_planks":5,"minecraft:bucket":1,"minecraft:ender_pearl":1,"tombstone:gift":1,"minecraft:egg":1,"minecraft:totem_of_undying":1,"minecraft:snowball":74,"minecraft:wooden_shovel":52},"minecraft:crafted":{"minecraft:wooden_shovel":1,"minecraft:birch_planks":12,"minecraft:crafting_table":1,"minecraft:stick":4}},"DataVersion":3465}